url_length,domain_length,num_dots,num_hyphens,num_at,num_question,num_equal,num_amp,num_percent,num_slash,num_subdomains,is_https,has_ip,has_sensitive_keyword,has_suspicious_tld,digit_letter_ratio,url,label
22,14,2,0,0,0,0,0,0,2,1,1,0,0,0,0.0,https://www.google.com,0
25,17,2,0,0,0,0,0,0,2,1,1,0,1,0,0.0,https://www.microsoft.com,0
22,14,2,0,0,0,0,0,0,2,1,1,0,1,0,0.0,https://www.amazon.com,0
22,14,2,0,0,0,0,0,0,2,1,1,0,0,0,0.0,https://www.github.com,0
25,17,2,0,0,0,0,0,0,2,1,1,0,0,0,0.0,https://www.wikipedia.org,0
23,15,2,0,0,0,0,0,0,2,1,1,0,0,0,0.0,https://www.nytimes.com,0
21,13,2,0,0,0,0,0,0,2,1,1,0,0,0,0.0,https://www.apple.com,0
24,16,2,0,0,0,0,0,0,2,1,1,0,0,0,0.0,https://www.linkedin.com,0
22,14,2,0,0,0,0,0,0,2,1,1,0,0,0,0.0,https://www.reddit.com,0
23,15,2,0,0,0,0,0,0,2,1,1,0,0,0,0.0,https://www.netflix.com,0
29,21,2,0,0,0,0,0,0,2,1,1,0,0,0,0.0,https://www.stackoverflow.com,0
19,11,2,0,0,0,0,0,0,2,1,1,0,0,0,0.0,https://www.cnn.com,0
19,11,2,0,0,0,0,0,0,2,1,1,0,0,0,0.0,https://www.bbc.com,0
20,12,2,0,0,0,0,0,0,2,1,1,0,1,0,0.0,https://www.ebay.com,0
22,14,2,0,0,0,0,0,0,2,1,1,0,1,0,0.0,https://www.paypal.com,0
24,16,2,0,0,0,0,0,0,2,1,1,0,0,0,0.0,https://www.facebook.com,0
23,15,2,0,0,0,0,0,0,2,1,1,0,0,0,0.0,https://www.twitter.com,0
25,17,2,0,0,0,0,0,0,2,1,1,0,0,0,0.0,https://www.instagram.com,0
21,13,2,0,0,0,0,0,0,2,1,1,0,0,0,0.0,https://www.adobe.com,0
19,11,2,0,0,0,0,0,0,2,1,1,0,0,0,0.0,https://www.zoom.us,0
23,15,2,0,0,0,0,0,0,2,1,1,0,0,0,0.0,https://www.dropbox.com,0
26,18,2,0,0,0,0,0,0,2,1,1,0,0,0,0.0,https://www.salesforce.com,0
22,14,2,0,0,0,0,0,0,2,1,1,0,0,0,0.0,https://www.medium.com,0
21,13,2,0,0,0,0,0,0,2,1,1,0,0,0,0.0,https://www.quora.com,0
23,15,2,0,0,0,0,0,0,2,1,1,0,0,0,0.0,https://www.spotify.com,0
21,13,2,0,0,0,0,0,0,2,1,1,0,0,0,0.0,https://www.twitch.tv,0
20,12,2,0,0,0,0,0,0,2,1,1,0,0,0,0.0,https://www.hulu.com,0
26,18,2,0,0,0,0,0,0,2,1,1,0,0,0,0.0,https://www.disneyplus.com,0
22,14,2,0,0,0,0,0,0,2,1,1,0,0,0,0.0,https://www.airbnb.com,0
23,15,2,0,0,0,0,0,0,2,1,1,0,0,0,0.0,https://www.booking.com,0
46,32,1,2,0,0,0,0,0,3,0,0,0,1,0,0.08108108108108109,http://login-microsoft-office365.online/verify,1
39,26,1,2,0,0,0,0,0,3,0,0,0,1,0,0.0,http://paypal-security-update.xyz/login,1
42,27,1,2,0,0,0,0,0,3,0,0,0,1,0,0.0,http://amazon-account-support.site/billing,1
44,30,1,2,0,0,0,0,0,3,0,0,0,1,0,0.0,http://wellsfargo-verify-identity.top/secure,1
36,21,1,3,0,0,0,0,0,3,0,0,0,1,0,0.0,http://apple-icloud-login.pw/sign-in,1
29,11,4,0,0,0,0,0,0,3,2,0,1,1,0,0.5714285714285714,http://192.168.1.1/login.html,1
40,24,1,3,0,0,0,0,0,3,0,0,0,0,0,0.0,http://google-drive-share.click/doc-view,1
36,24,1,2,0,0,0,0,0,3,0,0,0,1,0,0.0,http://microsoft-outlook-web.tk/auth,1
38,24,1,2,0,0,0,0,0,3,0,0,0,1,0,0.0,http://netflix-billing-issue.ml/update,1
41,26,1,2,0,0,0,0,0,3,0,0,0,0,0,0.0,http://facebook-security-check.ga/profile,1
37,24,1,2,0,0,0,0,0,3,0,0,0,1,0,0.0,http://secure-banking-access.cf/login,1
33,21,1,2,0,0,0,0,0,3,0,0,0,1,0,0.0,http://verify-your-wallet.gq/seed,1
41,27,1,3,0,0,0,0,0,3,0,0,0,1,0,0.0,http://amazon-prime-deals-click.pw/offers,1
42,27,1,2,0,0,0,0,0,3,0,0,0,1,0,0.0,http://ebay-resolution-center.site/dispute,1
41,28,1,3,0,0,0,0,0,3,0,0,0,1,0,0.0,http://paypal-gift-card-free.online/claim,1
44,30,1,2,0,0,0,0,0,3,0,0,0,1,0,0.0,http://bankofamerica-login-secure.xyz/access,1
45,31,1,3,0,0,0,0,0,3,0,0,0,1,0,0.0,http://chase-online-banking-update.top/verify,1
40,27,1,3,0,0,0,0,0,3,0,0,0,0,0,0.0,http://irs-tax-refund-status.click/check,1
44,28,1,3,0,0,0,0,0,3,0,0,0,0,0,0.0,http://dhl-package-tracking-info.pw/delivery,1
42,24,1,2,0,0,0,0,0,3,0,0,0,0,0,0.0,http://ups-delivery-failed.site/reschedule,1
48,35,1,3,0,0,0,0,0,3,0,0,0,1,0,0.0,http://google-account-recovery-security.ml/reset,1
42,28,1,3,0,0,0,0,0,3,0,0,0,1,0,0.09375,http://microsoft-365-admin-login.ga/portal,1
45,29,1,3,0,0,0,0,0,3,0,0,0,0,0,0.0,http://dropbox-shared-file-access.cf/download,1
40,27,1,3,0,0,0,0,0,3,0,0,0,0,0,0.0,http://zoom-meeting-invite-join.gq/lobby,1
47,32,1,3,0,0,0,0,0,3,0,0,0,1,0,0.0,http://adobe-flash-player-update.online/install,1
35,23,1,2,0,0,0,0,0,3,0,0,0,1,0,0.0,http://wallet-connect-sync.xyz/auth,1
45,32,1,3,0,0,0,0,0,3,0,0,0,1,0,0.0,http://binance-login-secure-access.site/trade,1
43,27,1,2,0,0,0,0,0,3,0,0,0,1,0,0.0,http://coinbase-account-verify.top/security,1
42,27,1,2,0,0,0,0,0,3,0,0,0,1,0,0.0,http://blockchain-wallet-backup.pw/restore,1
44,31,1,2,0,0,0,0,0,3,0,0,0,1,0,0.0,http://metamask-extension-update.click/login,1
