text,category
New trojan variant discovered spreading through email attachments. The malware uses advanced obfuscation techniques and establishes persistence through registry modifications. Analysis shows it communicates with C2 servers.,Malware
"Advanced persistent threat group deploys custom malware toolset. The malware family includes keyloggers, screen capture utilities, and data exfiltration tools.",Malware
Low and slow DDoS attack evades detection systems. Gradual resource exhaustion causes service degradation.,DDoS
Third-party vendor breach affects multiple organizations. Supply chain security weaknesses exploited.,Data Breach
Email phishing attempt uses coronavirus theme to distribute malware. Attachments claim to contain health information.,Phishing
Cross-site scripting flaw enables session hijacking. User credentials can be stolen through malicious scripts.,Vulnerability
DDoS extortion campaign threatens attacks unless ransom paid. Multiple organizations receive identical threats.,DDoS
Financial institution breach exposes transaction history. Account numbers and routing information stolen.,Data Breach
SMS phishing campaign impersonates delivery services. Messages contain links to fake tracking pages requesting personal information.,Phishing
Cryptographic weakness in protocol implementation. Encrypted communications can be decrypted.,Vulnerability
Database exposed online without password protection. Millions of records accessible to anyone on internet.,Data Breach
Critical zero-day vulnerability discovered in widely-used software. Remote code execution possible without authentication.,Vulnerability
Application layer DDoS attack targets API endpoints. Sophisticated requests bypass traditional mitigation.,DDoS
"Spyware campaign targets mobile devices through fake applications. The malicious app harvests contacts, messages, and location data.",Malware
Buffer overflow vulnerability allows arbitrary code execution. Memory corruption can be triggered remotely.,Vulnerability
Phishing campaign exploits recent data breach notifications. Victims receive fake security alerts requesting account verification.,Phishing
Remote access trojan spread through malicious macros in Office documents. Enables complete system control.,Malware
Polymorphic virus detected evading signature-based detection. The malware changes its code structure while maintaining functionality.,Malware
"Major data breach exposes millions of customer records. Personal information including names, addresses, and SSNs compromised.",Data Breach
Botnet malware spreading through vulnerable IoT devices. Infected devices are used for DDoS attacks and cryptocurrency mining.,Malware
Cloud misconfiguration leads to exposure of sensitive documents. Public S3 bucket contained confidential business data.,Data Breach
QR code phishing distributes malicious payment requests. Codes lead to credential harvesting sites.,Phishing
Distributed denial of service attack targets gaming platforms. Players unable to access online services.,DDoS
Directory traversal vulnerability permits arbitrary file access. Sensitive system files exposed to attackers.,Vulnerability
New ransomware variant targets cloud storage and backups. Organizations left without recovery options.,Ransomware
Privilege escalation vulnerability allows local attackers to gain admin rights. Kernel-level exploitation possible.,Vulnerability
Phishing kit sold on dark web automates credential theft. Templates mimic popular banking and social media sites.,Phishing
Ransomware negotiation tactics evolve with professional support services. Attackers offer decryption guarantees.,Ransomware
Cryptominer malware consumes system resources for cryptocurrency mining. Significantly degrades system performance.,Malware
Massive DDoS attack overwhelms major websites using IoT botnet. Traffic exceeds 1 Tbps causing prolonged outages.,DDoS
Ransomware attack disrupts critical infrastructure. Energy sector facilities experience operational shutdowns.,Ransomware
Business email compromise scam tricks finance departments. Attackers impersonate executives requesting urgent payments.,Phishing
Ransomware operators exploit VPN vulnerabilities for initial access. Weak credentials enable network penetration.,Ransomware
Authentication bypass vulnerability discovered in VPN software. Attackers gain unauthorized network access.,Vulnerability
Spear phishing attacks target executives with personalized emails containing malicious links. Attackers conducted social engineering research.,Phishing
Amplification DDoS attack exploits misconfigured DNS servers. Small queries generate massive response traffic.,DDoS
SQL injection vulnerability found in web application. Database contents can be extracted or modified.,Vulnerability
Healthcare provider suffers breach affecting patient data. Protected health information accessed by unauthorized parties.,Data Breach
Multi-vector DDoS combines volumetric and application attacks. Mitigation strategies struggle with complexity.,DDoS
Ransomware encrypts virtual machine backups. Disaster recovery plans rendered ineffective.,Ransomware
Insider threat results in unauthorized data exfiltration. Employee downloads customer database before resignation.,Data Breach
Sophisticated backdoor malware detected targeting financial institutions. The malicious software uses DLL injection and API hooking to steal credentials.,Malware
Double extortion ransomware threatens to leak stolen data. Attackers exfiltrate sensitive information before encryption.,Ransomware
Ransomware payload delivered via compromised software updates. The malware encrypts files and demands payment in cryptocurrency.,Malware
Data breach notification reveals year-long compromise. Sophisticated attackers maintained persistent access.,Data Breach
Memcached DDoS amplification reaches record bandwidth. Reflection ratio enables massive attacks.,DDoS
Reflection attack amplifies traffic 50x using NTP servers. Volumetric attack saturates network bandwidth.,DDoS
Supply chain attack delivers ransomware through managed service provider. Multiple organizations simultaneously compromised.,Ransomware
Social media breach leaks user profile information. Email addresses and phone numbers compromised.,Data Breach
Mass phishing campaign targets corporate email accounts using fake Microsoft 365 login pages. Credentials harvested through spoofed domains.,Phishing
Ransomware-as-a-service operation targets small businesses. Affiliate program attracts criminal operators worldwide.,Ransomware
Voice phishing attacks target elderly victims claiming IRS issues. Scammers use social engineering tactics.,Phishing
Deserialization vulnerability enables remote command execution. Untrusted data processing leads to compromise.,Vulnerability
Ransomware gang encrypts hospital systems demanding seven-figure ransom. Patient care severely impacted by the attack.,Ransomware
Fileless malware uses PowerShell scripts and WMI for execution. No files are written to disk making detection difficult.,Malware
Credit card breach at retail chain compromises payment data. Point-of-sale systems infected with card-skimming malware.,Data Breach
Whaling attack targets C-level executives with fake legal notices. Emails contain urgent requests for wire transfers.,Phishing
Ransomware deployed through compromised remote desktop services. Brute force attacks on RDP ports succeed.,Ransomware
Patch released for actively exploited security flaw. Attackers targeting unpatched systems in the wild.,Vulnerability
DDoS attack targets financial services during peak hours. Transaction processing severely impacted.,DDoS
